<step title="Incoming Request" date="2025-10-22T14:24:05.586" instance="f93bf4" url="/api/publish?async=true&amp;deployer=GITHUB_ONE_DEPLOY&amp;type=zip&amp;message=%7B%22type%22%3A%22deployment%22%2C%22sha%22%3A%22a22f1311651bd4db64e04efe1f4e823de03b54b0%22%2C%22repoName%22%3A%22GruppII-ChasAcademy%2Fbackend%22%2C%22actor%22%3A%22Jalis00%22%2C%22slotName%22%3A%22Production%22%2C%22commitMessage%22%3A%22Add%20or%20update%20the%20Azure%20App%20Service%20build%20and%20deployment%20workflow%20config%22%7D" method="POST" type="request" pid="825,1,15" Host="backend-gruppii.scm.azurewebsites.net" User-Agent="GITHUBACTIONS_DeployWebAppToAzure_813894117b916fc20a156b16a581c6503b77f0bab475d8a57d5794af22f9311b" Authorization="Bea..." Content-Type="application/octet-stream" Cookie="ARRAffinity=f93bf488987d77f8cbe0ded42ae0f9f0a384dd40f2d965908ea50274dc78abc8;Path=/;HttpOnly;Secure;Domain=backend-gruppii.scm.azurewebsites.net; ARRAffinitySameSite=f93bf488987d77f8cbe0ded42ae0f9f0a384dd40f2d965908ea50274dc78abc8;Path=/;HttpOnly;SameSite=None;Secure;Domain=backend-gruppii.scm.azurewebsites.net" Transfer-Encoding="chunked" X-ARR-LOG-ID="14015f0a-3770-4afc-b828-a8f55be2d041" CLIENT-IP="135.232.177.162:23552" X-SITE-DEPLOYMENT-ID="backend-gruppii" WAS-DEFAULT-HOSTNAME="backend-gruppii.scm.azurewebsites.net" X-Forwarded-Proto="https" X-AppService-Proto="https" X-Forwarded-TlsVersion="1.3" X-WAWS-Unencoded-URL="/api/publish?async=true&amp;deployer=GITHUB_ONE_DEPLOY&amp;type=zip&amp;message=%7B%22type%22%3A%22deployment%22%2C%22sha%22%3A%22a22f1311651bd4db64e04efe1f4e823de03b54b0%22%2C%22repoName%22%3A%22GruppII-ChasAcademy%2Fbackend%22%2C%22actor%22%3A%22Jalis00%22%2C%22slotName%22%3A%22Production%22%2C%22commitMessage%22%3A%22Add%20or%20update%20the%20Azure%20App%20Service%20build%20and%20deployment%20workflow%20config%22%7D" X-Client-IP="135.232.177.162" X-Client-Port="23552" >
  <step title="Cleanup Xml Logs" date="2025-10-22T14:24:05.622" /><!-- duration: 50ms -->
  <step title="OneDeploy" date="2025-10-22T14:24:07.595" >
    <step title="None repository commit" date="2025-10-22T14:24:07.671" >
      <step title="Commit id: 574bee83-4a85-42fa-bded-55fd98229bdd" date="2025-10-22T14:24:07.689" Message="N/A" AuthorName="N/A" AuthorEmail="N/A" /><!-- duration: 3ms -->
    </step><!-- duration: 46ms -->
    <step title="Starting PushDeployAsync" date="2025-10-22T14:24:07.720" /><!-- duration: 25ms -->
    <step title="Writing artifact to /tmp/zipdeploy/96be3286-37ba-44df-96ae-2eff0aec3e0a.zip" date="2025-10-22T14:24:07.911" >
      <step title="Writing multipart request body to /tmp/zipdeploy/96be3286-37ba-44df-96ae-2eff0aec3e0a.zip" date="2025-10-22T14:24:08.041" /><!-- duration: 18ms -->
    </step><!-- duration: 1568ms -->
    <step title="Start deployment in the background" date="2025-10-22T14:24:09.593" >
      <step title="Acquiring Deployment Lock" date="2025-10-22T14:24:09.738" /><!-- duration: 17ms -->
      <step title="Acquired Deployment Lock" date="2025-10-22T14:24:09.880" /><!-- duration: 18ms -->
    </step><!-- duration: 611ms -->
  </step><!-- duration: 2646ms -->
  <step title="Outgoing response" date="2025-10-22T14:24:10.290" type="response" statusCode="202" statusText="Accepted" /><!-- duration: 10ms -->
</step><!-- duration: 4724ms -->
