<step title="BackgroundTrace" date="2025-10-22T15:27:54.548" instance="f93bf4" url="/api/publish" method="POST" >
  <step title="Creating temporary deployment - FetchDeploymentManager" date="2025-10-22T15:27:54.687" /><!-- duration: 3ms -->
  <step title="Creating temporary deployment" date="2025-10-22T15:27:54.696" /><!-- duration: 160ms -->
  <step title="Performing fetch based deployment" date="2025-10-22T15:27:54.942" >
    <step title="Cleaning up temp folders from previous zip deployments and extracting pushed zip file /tmp/zipdeploy/d40e69ca-0d9d-401f-afec-e8960acb9032.zip (12.76 MB) to /tmp/zipdeploy/extracted" date="2025-10-22T15:27:56.172" >
      <step title="ChmodRecursive Process exited with total time taken in ms: 183" date="2025-10-22T15:27:59.724" /><!-- duration: 6ms -->
    </step><!-- duration: 3563ms -->
    <step title="Deployment timer started" date="2025-10-22T15:28:01.755" >
      <step title="DeploymentManager.Deploy(id:91d8821e-6b7b-4518-adcc-a4e82a4d0078)" date="2025-10-22T15:28:01.809" >
        <step title="Collecting changeset information" date="2025-10-22T15:28:01.889" /><!-- duration: 276ms -->
        <step title="Updating submodules" date="2025-10-22T15:28:02.185" /><!-- duration: 1261ms -->
        <step title="Determining deployment builder" date="2025-10-22T15:28:03.939" >
          <step title="Builder is OryxBuilder" date="2025-10-22T15:28:04.037" /><!-- duration: 11ms -->
        </step><!-- duration: 127ms -->
        <step title="PreDeployment: context.CleanOutputPath False" date="2025-10-22T15:28:04.194" >
          <step title="PreDeployment: context.OutputPath /home/site/wwwroot" date="2025-10-22T15:28:04.453" >
            <step title="Building" date="2025-10-22T15:28:04.635" >
              <step title="Executing external process" date="2025-10-22T15:28:05.037" type="process" path="bash" arguments="-c &quot;oryx build /tmp/zipdeploy/extracted -o /home/site/wwwroot --platform nodejs --platform-version 22 -p virtualenv_name= --log-file /tmp/build-debug.log  -i /tmp/8de117f97f24b4e -p compress_node_modules=tar-gz | tee /tmp/oryx-build.log ; exit $PIPESTATUS &quot;" /><!-- duration: 147079ms -->
              <step title="Using GenericDeploymentLogParser" date="2025-10-22T15:30:32.950" /><!-- duration: 20ms -->
              <step title="Modified file to trigger a restart of the app container." date="2025-10-22T15:30:34.361" /><!-- duration: 4ms -->
              <step title="Skip function trigger and logicapp sync because function is not enabled." date="2025-10-22T15:30:34.393" /><!-- duration: 3ms -->
            </step><!-- duration: 150574ms -->
          </step><!-- duration: 150761ms -->
          <step title="Cleaning up temp files" date="2025-10-22T15:30:35.218" /><!-- duration: 542ms -->
          <step title="Cleaning up temp files" date="2025-10-22T15:30:35.785" /><!-- duration: 514ms -->
          <step title="Reloading status file with latest updates" date="2025-10-22T15:30:36.322" >
            <step title="WebHooksManager.PublishEventAsync: PostDeployment" date="2025-10-22T15:30:36.329" /><!-- duration: 175ms -->
          </step><!-- duration: 184ms -->
          <step title="Cleaning up temporary deployment - fetch deployment was successful" date="2025-10-22T15:30:36.516" /><!-- duration: 3ms -->
        </step><!-- duration: 152380ms -->
      </step><!-- duration: 154779ms -->
