<step title="Incoming Request" date="2025-10-22T15:33:42.405" instance="f93bf4" url="/deploy?scmType=GitHubAction&amp;isAsync=true" method="POST" type="request" pid="825,1,28" Host="backend-gruppii.scm.azurewebsites.net" User-Agent="Azure-WebSites-Controller/105.0.7.92" Authorization="Bas..." Expect="100-continue" Content-Length="86" x-ms-request-id="388e3aa5-0577-4f9f-a054-ccb2f22df24f" X-ARR-LOG-ID="388e3aa5-0577-4f9f-a054-ccb2f22df24f" CLIENT-IP="20.105.232.40:4225" X-SITE-DEPLOYMENT-ID="backend-gruppii" WAS-DEFAULT-HOSTNAME="backend-gruppii.scm.azurewebsites.net" X-MS-PLATFORM-INTERNAL="True" X-Forwarded-Proto="https" X-AppService-Proto="https" X-Forwarded-TlsVersion="1.3" X-WAWS-Unencoded-URL="/deploy?scmType=GitHubAction&amp;isAsync=true" X-Client-IP="20.105.232.40" X-Client-Port="4225" >
  <step title="Cleanup Xml Logs" date="2025-10-22T15:33:42.409" /><!-- duration: 72ms -->
  <step title="FetchHandler" date="2025-10-22T15:33:42.667" >
    <step title="Executing external process" date="2025-10-22T15:33:43.134" type="process" path="git" arguments="rev-parse --git-dir" /><!-- duration: 751ms -->
    <step title="Executing external process" date="2025-10-22T15:33:43.942" type="process" path="git" arguments="rev-parse --git-dir" /><!-- duration: 128ms -->
    <step title="Executing external process" date="2025-10-22T15:33:44.080" type="process" path="git" arguments="log -n 1 master --" >
      <step title="Process dump" date="2025-10-22T15:33:44.206" exitCode="128" type="processOutput" /><!-- duration: 18ms -->
    </step><!-- duration: 147ms -->
    <step title="Start deployment in the background" date="2025-10-22T15:33:44.273" >
      <step title="Executing external process" date="2025-10-22T15:33:44.370" type="process" path="git" arguments="rev-parse --git-dir" /><!-- duration: 49ms -->
      <step title="Executing external process" date="2025-10-22T15:33:44.440" type="process" path="git" arguments="rev-parse --git-dir" /><!-- duration: 133ms -->
      <step title="Executing external process" date="2025-10-22T15:33:44.593" type="process" path="git" arguments="log -n 1 master --" >
        <step title="Process dump" date="2025-10-22T15:33:44.725" exitCode="128" type="processOutput" /><!-- duration: 12ms -->
      </step><!-- duration: 160ms -->
      <step title="Acquiring Deployment Lock" date="2025-10-22T15:33:44.775" /><!-- duration: 39ms -->
      <step title="Acquired Deployment Lock" date="2025-10-22T15:33:44.893" /><!-- duration: 19ms -->
    </step><!-- duration: 862ms -->
  </step><!-- duration: 2563ms -->
  <step title="Outgoing response" date="2025-10-22T15:33:45.241" type="response" statusCode="202" statusText="Accepted" /><!-- duration: 17ms -->
</step><!-- duration: 2857ms -->
