<step title="BackgroundTrace" date="2025-10-22T14:24:09.623" instance="f93bf4" url="/api/publish" method="POST" >
  <step title="Cleanup Xml Logs" date="2025-10-22T14:24:09.641" /><!-- duration: 28ms -->
  <step title="Creating temporary deployment - FetchDeploymentManager" date="2025-10-22T14:24:09.918" /><!-- duration: 36ms -->
  <step title="Creating temporary deployment" date="2025-10-22T14:24:09.993" /><!-- duration: 200ms -->
  <step title="Performing fetch based deployment" date="2025-10-22T14:24:10.384" >
    <step title="Cleaning up temp folders from previous zip deployments and extracting pushed zip file /tmp/zipdeploy/96be3286-37ba-44df-96ae-2eff0aec3e0a.zip (13.09 MB) to /tmp/zipdeploy/extracted" date="2025-10-22T14:24:12.257" >
      <step title="ChmodRecursive Process exited with total time taken in ms: 633" date="2025-10-22T14:24:28.288" /><!-- duration: 27ms -->
    </step><!-- duration: 16069ms -->
    <step title="Deployment timer started" date="2025-10-22T14:24:30.394" >
      <step title="DeploymentManager.Deploy(id:574bee83-4a85-42fa-bded-55fd98229bdd)" date="2025-10-22T14:24:30.415" >
        <step title="Collecting changeset information" date="2025-10-22T14:24:30.481" /><!-- duration: 202ms -->
        <step title="Updating submodules" date="2025-10-22T14:24:30.693" /><!-- duration: 1235ms -->
        <step title="Determining deployment builder" date="2025-10-22T14:24:32.185" >
          <step title="Builder is OneDeployBuilder" date="2025-10-22T14:24:32.210" /><!-- duration: 3ms -->
        </step><!-- duration: 33ms -->
        <step title="PreDeployment: context.CleanOutputPath False" date="2025-10-22T14:24:32.299" >
          <step title="PreDeployment: context.OutputPath /home/site/wwwroot" date="2025-10-22T14:24:32.442" >
            <step title="Building" date="2025-10-22T14:24:32.622" >
              <step title="Executing external process" date="2025-10-22T14:24:33.963" type="process" path="starter.sh" arguments="/opt/Kudu/Scripts/absoluteTar.sh /tmp/zipdeploy/extracted/node_modules /tmp/zipdeploy/extracted/node_modules.tar.gz" /><!-- duration: 8379ms -->
              <step title="Executing external process" date="2025-10-22T14:24:42.725" type="process" path="starter.sh" arguments="/opt/Kudu/Scripts/parallel_rsync.sh /tmp/zipdeploy/extracted /home/site/wwwroot 8 /tmp/ False False node_modules " /><!-- duration: 5798ms -->
              <step title="Modified file to trigger a restart of the app container." date="2025-10-22T14:24:50.166" /><!-- duration: 4ms -->
              <step title="Skip function trigger and logicapp sync because function is not enabled." date="2025-10-22T14:24:50.188" /><!-- duration: 8ms -->
            </step><!-- duration: 18632ms -->
          </step><!-- duration: 18830ms -->
          <step title="Cleaning up temp files" date="2025-10-22T14:24:51.282" /><!-- duration: 46ms -->
          <step title="Cleaning up temp files" date="2025-10-22T14:24:51.346" /><!-- duration: 530ms -->
          <step title="Reloading status file with latest updates" date="2025-10-22T14:24:51.946" >
            <step title="WebHooksManager.PublishEventAsync: PostDeployment" date="2025-10-22T14:24:51.963" /><!-- duration: 101ms -->
          </step><!-- duration: 136ms -->
          <step title="Cleaning up temporary deployment - fetch deployment was successful" date="2025-10-22T14:24:52.092" /><!-- duration: 4ms -->
        </step><!-- duration: 19868ms -->
      </step><!-- duration: 21764ms -->
