<step title="Incoming Request" date="2025-10-22T15:18:44.671" instance="f93bf4" url="/deploy?scmType=GitHubAction&amp;isAsync=true" method="POST" type="request" pid="825,1,16" Host="backend-gruppii.scm.azurewebsites.net" User-Agent="Azure-WebSites-Controller/105.0.7.92" Authorization="Bas..." Expect="100-continue" Content-Length="86" x-ms-request-id="cd479ee3-d717-4675-ac8c-4c172afa1983" X-ARR-LOG-ID="cd479ee3-d717-4675-ac8c-4c172afa1983" CLIENT-IP="20.105.232.40:4864" X-SITE-DEPLOYMENT-ID="backend-gruppii" WAS-DEFAULT-HOSTNAME="backend-gruppii.scm.azurewebsites.net" X-MS-PLATFORM-INTERNAL="True" X-Forwarded-Proto="https" X-AppService-Proto="https" X-Forwarded-TlsVersion="1.3" X-WAWS-Unencoded-URL="/deploy?scmType=GitHubAction&amp;isAsync=true" X-Client-IP="20.105.232.40" X-Client-Port="4864" >
  <step title="FetchHandler" date="2025-10-22T15:18:44.885" >
    <step title="GitExeRepository.Initialize" date="2025-10-22T15:18:45.569" >
      <step title="Executing external process" date="2025-10-22T15:18:45.614" type="process" path="git" arguments="init" /><!-- duration: 1805ms -->
      <step title="Executing external process" date="2025-10-22T15:18:47.463" type="process" path="git" arguments="config core.autocrlf false" /><!-- duration: 116ms -->
      <step title="Executing external process" date="2025-10-22T15:18:47.610" type="process" path="git" arguments="config core.preloadindex true" /><!-- duration: 85ms -->
      <step title="Executing external process" date="2025-10-22T15:18:47.715" type="process" path="git" arguments="config user.name &quot;unknown&quot;" /><!-- duration: 74ms -->
      <step title="Executing external process" date="2025-10-22T15:18:47.793" type="process" path="git" arguments="config user.email &quot;unknown&quot;" /><!-- duration: 29ms -->
      <step title="Executing external process" date="2025-10-22T15:18:47.828" type="process" path="git" arguments="config filter.lfs.clean &quot;git-lfs clean %f&quot;" /><!-- duration: 46ms -->
      <step title="Executing external process" date="2025-10-22T15:18:47.881" type="process" path="git" arguments="config filter.lfs.smudge &quot;git-lfs smudge %f&quot;" /><!-- duration: 50ms -->
      <step title="Executing external process" date="2025-10-22T15:18:47.939" type="process" path="git" arguments="config filter.lfs.required true" /><!-- duration: 34ms -->
      <step title="Configure git server" date="2025-10-22T15:18:47.979" >
        <step title="Executing external process" date="2025-10-22T15:18:47.982" type="process" path="git" arguments="config receive.denyCurrentBranch ignore" /><!-- duration: 85ms -->
      </step><!-- duration: 96ms -->
      <step title="Create deny users for .git folder" date="2025-10-22T15:18:48.078" /><!-- duration: 35ms -->
      <step title="Configure git-credential" date="2025-10-22T15:18:48.116" >
        <step title="Executing external process" date="2025-10-22T15:18:48.149" type="process" path="git" arguments="config credential.helper &quot;!&apos;/home/site/repository/.git/hooks/git-credential-invalid.sh&apos;&quot;" /><!-- duration: 60ms -->
      </step><!-- duration: 110ms -->
      <step title="Setup post receive hook" date="2025-10-22T15:18:48.237" >
        <step title="Non-Windows enviroment, granting 755 permission to post-receive hook file" date="2025-10-22T15:18:48.314" /><!-- duration: 78ms -->
      </step><!-- duration: 183ms -->
    </step><!-- duration: 2864ms -->
    <step title="Executing external process" date="2025-10-22T15:18:48.440" type="process" path="git" arguments="log -n 1 master --" >
      <step title="Process dump" date="2025-10-22T15:18:48.557" exitCode="128" type="processOutput" /><!-- duration: 20ms -->
    </step><!-- duration: 146ms -->
    <step title="Start deployment in the background" date="2025-10-22T15:18:48.616" >
      <step title="Executing external process" date="2025-10-22T15:18:48.701" type="process" path="git" arguments="rev-parse --git-dir" /><!-- duration: 117ms -->
      <step title="Executing external process" date="2025-10-22T15:18:48.837" type="process" path="git" arguments="rev-parse --git-dir" /><!-- duration: 58ms -->
      <step title="Executing external process" date="2025-10-22T15:18:48.903" type="process" path="git" arguments="log -n 1 master --" >
        <step title="Process dump" date="2025-10-22T15:18:48.952" exitCode="128" type="processOutput" /><!-- duration: 10ms -->
      </step><!-- duration: 68ms -->
      <step title="Acquiring Deployment Lock" date="2025-10-22T15:18:48.999" /><!-- duration: 4ms -->
      <step title="Cannot Acquire Deployment Lock already held" date="2025-10-22T15:18:49.021" /><!-- duration: 9ms -->
    </step><!-- duration: 565ms -->
  </step><!-- duration: 4301ms -->
  <step title="Outgoing response" date="2025-10-22T15:18:49.189" type="response" statusCode="202" statusText="Accepted" /><!-- duration: 6ms -->
</step><!-- duration: 4527ms -->
