<step title="BackgroundTrace" date="2025-10-22T15:18:17.810" instance="f93bf4" url="/api/publish" method="POST" >
  <step title="Cleanup Xml Logs" date="2025-10-22T15:18:17.838" /><!-- duration: 29ms -->
  <step title="Creating temporary deployment - FetchDeploymentManager" date="2025-10-22T15:18:18.163" /><!-- duration: 7ms -->
  <step title="Creating temporary deployment" date="2025-10-22T15:18:18.180" /><!-- duration: 309ms -->
  <step title="Performing fetch based deployment" date="2025-10-22T15:18:18.661" >
    <step title="Cleaning up temp folders from previous zip deployments and extracting pushed zip file /tmp/zipdeploy/ea43f99c-9ad9-43c7-bdf9-82eb63381377.zip (12.76 MB) to /tmp/zipdeploy/extracted" date="2025-10-22T15:18:20.140" >
      <step title="ChmodRecursive Process exited with total time taken in ms: 164" date="2025-10-22T15:18:24.430" /><!-- duration: 10ms -->
    </step><!-- duration: 4305ms -->
    <step title="Deployment timer started" date="2025-10-22T15:18:26.476" >
      <step title="DeploymentManager.Deploy(id:0198710e-f520-4aab-aa49-bf2b5570bc4a)" date="2025-10-22T15:18:26.482" >
        <step title="Collecting changeset information" date="2025-10-22T15:18:26.517" /><!-- duration: 177ms -->
        <step title="Updating submodules" date="2025-10-22T15:18:26.699" /><!-- duration: 1144ms -->
        <step title="Determining deployment builder" date="2025-10-22T15:18:28.156" >
          <step title="Builder is OryxBuilder" date="2025-10-22T15:18:28.181" /><!-- duration: 3ms -->
        </step><!-- duration: 33ms -->
        <step title="PreDeployment: context.CleanOutputPath False" date="2025-10-22T15:18:28.270" >
          <step title="PreDeployment: context.OutputPath /home/site/wwwroot" date="2025-10-22T15:18:28.402" >
            <step title="Building" date="2025-10-22T15:18:28.584" >
              <step title="Executing external process" date="2025-10-22T15:18:28.959" type="process" path="bash" arguments="-c &quot;oryx build /tmp/zipdeploy/extracted -o /home/site/wwwroot --platform nodejs --platform-version 22 -p virtualenv_name= --log-file /tmp/build-debug.log  -i /tmp/8de117e40b0fb6c -p compress_node_modules=tar-gz | tee /tmp/oryx-build.log ; exit $PIPESTATUS &quot;" /><!-- duration: 110677ms -->
              <step title="Using GenericDeploymentLogParser" date="2025-10-22T15:20:20.203" /><!-- duration: 4ms -->
              <step title="Modified file to trigger a restart of the app container." date="2025-10-22T15:20:21.662" /><!-- duration: 2ms -->
              <step title="Skip function trigger and logicapp sync because function is not enabled." date="2025-10-22T15:20:21.683" /><!-- duration: 9ms -->
            </step><!-- duration: 114258ms -->
          </step><!-- duration: 114451ms -->
          <step title="Cleaning up temp files" date="2025-10-22T15:20:22.856" /><!-- duration: 741ms -->
          <step title="Cleaning up temp files" date="2025-10-22T15:20:23.600" /><!-- duration: 524ms -->
          <step title="Reloading status file with latest updates" date="2025-10-22T15:20:24.149" >
            <step title="WebHooksManager.PublishEventAsync: PostDeployment" date="2025-10-22T15:20:24.164" /><!-- duration: 89ms -->
          </step><!-- duration: 112ms -->
          <step title="Cleaning up temporary deployment - fetch deployment was successful" date="2025-10-22T15:20:24.267" /><!-- duration: 4ms -->
        </step><!-- duration: 116054ms -->
      </step><!-- duration: 117858ms -->
