<step title="Incoming Request" date="2025-10-22T15:27:53.343" instance="f93bf4" url="/api/publish?async=true&amp;deployer=GITHUB_ONE_DEPLOY&amp;type=zip&amp;message=%7B%22type%22%3A%22deployment%22%2C%22sha%22%3A%22ddf6fcda4e559863a12cda330bba1760f943c7a7%22%2C%22repoName%22%3A%22GruppII-ChasAcademy%2Fbackend%22%2C%22actor%22%3A%22Jalis00%22%2C%22slotName%22%3A%22Production%22%2C%22commitMessage%22%3A%22fix(runtime)%3A%20force%20CommonJS%20(type%3Dcommonjs)%20so%20require()%20works%20on%20App%20Service%22%7D" method="POST" type="request" pid="825,1,17" Host="backend-gruppii.scm.azurewebsites.net" User-Agent="GITHUBACTIONS_DeployWebAppToAzure_813894117b916fc20a156b16a581c6503b77f0bab475d8a57d5794af22f9311b" Authorization="Bea..." Content-Type="application/octet-stream" Cookie="ARRAffinity=f93bf488987d77f8cbe0ded42ae0f9f0a384dd40f2d965908ea50274dc78abc8;Path=/;HttpOnly;Secure;Domain=backend-gruppii.scm.azurewebsites.net; ARRAffinitySameSite=f93bf488987d77f8cbe0ded42ae0f9f0a384dd40f2d965908ea50274dc78abc8;Path=/;HttpOnly;SameSite=None;Secure;Domain=backend-gruppii.scm.azurewebsites.net" Transfer-Encoding="chunked" X-ARR-LOG-ID="b4a43028-9c90-428c-b0e3-3cd3b6961140" CLIENT-IP="172.208.125.201:24648" X-SITE-DEPLOYMENT-ID="backend-gruppii" WAS-DEFAULT-HOSTNAME="backend-gruppii.scm.azurewebsites.net" X-Forwarded-Proto="https" X-AppService-Proto="https" X-Forwarded-TlsVersion="1.3" X-WAWS-Unencoded-URL="/api/publish?async=true&amp;deployer=GITHUB_ONE_DEPLOY&amp;type=zip&amp;message=%7B%22type%22%3A%22deployment%22%2C%22sha%22%3A%22ddf6fcda4e559863a12cda330bba1760f943c7a7%22%2C%22repoName%22%3A%22GruppII-ChasAcademy%2Fbackend%22%2C%22actor%22%3A%22Jalis00%22%2C%22slotName%22%3A%22Production%22%2C%22commitMessage%22%3A%22fix(runtime)%3A%20force%20CommonJS%20(type%3Dcommonjs)%20so%20require()%20works%20on%20App%20Service%22%7D" X-Client-IP="172.208.125.201" X-Client-Port="24648" >
  <step title="Cleanup Xml Logs" date="2025-10-22T15:27:53.346" /><!-- duration: 20ms -->
  <step title="OneDeploy" date="2025-10-22T15:27:53.616" >
    <step title="None repository commit" date="2025-10-22T15:27:53.665" >
      <step title="Commit id: 91d8821e-6b7b-4518-adcc-a4e82a4d0078" date="2025-10-22T15:27:53.676" Message="N/A" AuthorName="N/A" AuthorEmail="N/A" /><!-- duration: 27ms -->
    </step><!-- duration: 42ms -->
    <step title="Starting PushDeployAsync" date="2025-10-22T15:27:53.710" /><!-- duration: 3ms -->
    <step title="Removing node_modules symlink" date="2025-10-22T15:27:53.811" >
      <step title="Writing artifact to /tmp/zipdeploy/d40e69ca-0d9d-401f-afec-e8960acb9032.zip" date="2025-10-22T15:27:53.953" >
        <step title="Writing multipart request body to /tmp/zipdeploy/d40e69ca-0d9d-401f-afec-e8960acb9032.zip" date="2025-10-22T15:27:53.965" /><!-- duration: 20ms -->
      </step><!-- duration: 547ms -->
      <step title="Removing previous build artifact&apos;s manifest file" date="2025-10-22T15:27:54.511" >
        <step title="Start deployment in the background" date="2025-10-22T15:27:54.541" >
          <step title="Acquiring Deployment Lock" date="2025-10-22T15:27:54.567" /><!-- duration: 10ms -->
          <step title="Acquired Deployment Lock" date="2025-10-22T15:27:54.677" /><!-- duration: 4ms -->
        </step><!-- duration: 333ms -->
      </step><!-- duration: 375ms -->
      <step title="Outgoing response" date="2025-10-22T15:27:54.922" type="response" statusCode="202" statusText="Accepted" /><!-- duration: 3ms -->
    </step><!-- duration: 1118ms -->
