﻿<?xml version="1.0" encoding="utf-8"?>
<deployment>
  <id>91d8821e-6b7b-4518-adcc-a4e82a4d0078</id>
  <author>N/A</author>
  <deployer>OneDeploy</deployer>
  <authorEmail>N/A</authorEmail>
  <message>OneDeploy</message>
  <progress></progress>
  <status>Success</status>
  <statusText></statusText>
  <lastSuccessEndTime>2025-10-22T15:30:34.7812138Z</lastSuccessEndTime>
  <receivedTime>2025-10-22T15:28:01.9636398Z</receivedTime>
  <startTime>2025-10-22T15:28:03.8033867Z</startTime>
  <endTime>2025-10-22T15:30:34.7812138Z</endTime>
  <complete>True</complete>
  <is_temp>False</is_temp>
  <is_readonly>True</is_readonly>
  <buildSummary />
</deployment>