﻿<?xml version="1.0" encoding="utf-8"?>
<deployment>
  <id>0198710e-f520-4aab-aa49-bf2b5570bc4a</id>
  <author>N/A</author>
  <deployer>OneDeploy</deployer>
  <authorEmail>N/A</authorEmail>
  <message>OneDeploy</message>
  <progress></progress>
  <status>Success</status>
  <statusText></statusText>
  <lastSuccessEndTime>2025-10-22T15:20:22.3810145Z</lastSuccessEndTime>
  <receivedTime>2025-10-22T15:18:26.6034036Z</receivedTime>
  <startTime>2025-10-22T15:18:28.0511751Z</startTime>
  <endTime>2025-10-22T15:20:22.3810145Z</endTime>
  <complete>True</complete>
  <is_temp>False</is_temp>
  <is_readonly>True</is_readonly>
  <buildSummary />
</deployment>